<oval_definitions 
     xmlns="http://oval.mitre.org/XMLSchema/oval-definitions-5" 
     xmlns:ind-def="http://oval.mitre.org/XMLSchema/oval-definitions-5#independent" 
     xmlns:oval-def="http://oval.mitre.org/XMLSchema/oval-common-5" 
     xmlns:unix-def="http://oval.mitre.org/XMLSchema/oval-definitions-5#unix" 
     xmlns:linux-def="http://oval.mitre.org/XMLSchema/oval-definitions-5#linux" 
     xmlns:xsi="http://www.w3.org/2001/XMLSchema-instance" xsi:schemaLocation="http://oval.mitre.org/XMLSchema/oval-common-5 oval-common-schema.xsd   http://oval.mitre.org/XMLSchema/oval-definitions-5 oval-definitions-schema.xsd   http://oval.mitre.org/XMLSchema/oval-definitions-5#independent independent-definitions-schema.xsd   http://oval.mitre.org/XMLSchema/oval-definitions-5#unix unix-definitions-schema.xsd   http://oval.mitre.org/XMLSchema/oval-definitions-5#macos linux-definitions-schema.xsd">
     <generator>
          <oval-def:product_name>GovReady.org Ubuntu 14.04 LTS Server Benchmark</oval-def:product_name>
          <oval-def:product_version>0.0.1</oval-def:product_version>
          <oval-def:schema_version>5.10.1</oval-def:schema_version>
          <oval-def:timestamp>2015-01-01T13:44:00</oval-def:timestamp>
     </generator>
     <definitions>
          <definition class="compliance" id="oval:org.govready.ubuntu:def:100" version="1">
               <metadata>
                    <title>Insure that Virtualbox guest additions are up-to-date.</title>
                    <description></description>
               </metadata>
               <criteria comment="Reference to the unknown_test.">
                    <criterion test_ref="oval:org.govready.ubuntu:tst:100"/>
               </criteria>
          </definition>
     </definitions>
     <tests>
          <ind-def:variable_test id="oval:org.govready.ubuntu:tst:100" check="all" check_existence="at_least_one_exists" version="1" comment="Test that VirtualBox guest additions are the indicated version.">
               <ind-def:object object_ref="oval:org.govready.ubuntu:obj:100"/>
               <ind-def:state state_ref="oval:org.govready.ubuntu:ste:100"/>
          </ind-def:variable_test>
     </tests>
     <objects>
          <ind-def:variable_object id="oval:org.govready.ubuntu:obj:100" version="1" comment="The version number of installed VirtualBox guest additions">
               <ind-def:var_ref>oval:org.govready.ubuntu:var:101</ind-def:var_ref>
          </ind-def:variable_object>
          <unix-def:file_object id="oval:org.govready.ubuntu:obj:101" version="1" comment="The directory containing the VirtualBox guest additions.">
               <unix-def:behaviors recurse_direction="down" max_depth="1"/>
               <unix-def:path>/opt</unix-def:path>
               <unix-def:filename xsi:nil="true"/>
               <filter action="include">oval:org.govready.ubuntu:ste:101</filter>
          </unix-def:file_object>
     </objects>
     <states>
          <ind-def:variable_state id="oval:org.govready.ubuntu:ste:100" version="1" comment="The externally-supplied desired version of the VirtualBox guest additions.">
               <ind-def:value datatype="version" var_ref="oval:org.govready.ubuntu:var:100"/>
          </ind-def:variable_state>
          <unix-def:file_state id="oval:org.govready.ubuntu:ste:101" version="1" comment="Filter for the subdirectory of /opt containing the VirtualBox guest additions.">
               <unix-def:path operation="pattern match">^/opt/VBoxGuestAdditions-.+</unix-def:path>
          </unix-def:file_state>
     </states>
     <variables>
          <external_variable id="oval:org.govready.ubuntu:var:100" version="1" comment="The desired version of the VirtualBox guest additions." datatype="version"/>
          <local_variable datatype="version" id="oval:org.govready.ubuntu:var:101" version="1" comment="The VirtualBox guest additions version number.">
               <regex_capture pattern="^/opt/VBoxGuestAdditions-(.+)$">
                    <object_component object_ref="oval:org.govready.ubuntu:obj:101" item_field="path"/>
               </regex_capture>
          </local_variable>
     </variables>
</oval_definitions>