<oval_definitions 
     xmlns="http://oval.mitre.org/XMLSchema/oval-definitions-5" 
     xmlns:ind-def="http://oval.mitre.org/XMLSchema/oval-definitions-5#independent" 
     xmlns:oval-def="http://oval.mitre.org/XMLSchema/oval-common-5" 
     xmlns:unix-def="http://oval.mitre.org/XMLSchema/oval-definitions-5#unix" 
     xmlns:linux-def="http://oval.mitre.org/XMLSchema/oval-definitions-5#linux" 
     xmlns:xsi="http://www.w3.org/2001/XMLSchema-instance" xsi:schemaLocation="http://oval.mitre.org/XMLSchema/oval-common-5 oval-common-schema.xsd   http://oval.mitre.org/XMLSchema/oval-definitions-5 oval-definitions-schema.xsd   http://oval.mitre.org/XMLSchema/oval-definitions-5#independent independent-definitions-schema.xsd   http://oval.mitre.org/XMLSchema/oval-definitions-5#unix unix-definitions-schema.xsd   http://oval.mitre.org/XMLSchema/oval-definitions-5#macos linux-definitions-schema.xsd">
     <generator>
          <oval-def:product_name>GovReady.org Ubuntu 14.04 LTS Server Benchmark</oval-def:product_name>
          <oval-def:product_version>0.0.1</oval-def:product_version>
          <oval-def:schema_version>5.10.1</oval-def:schema_version>
          <oval-def:timestamp>2015-01-01T13:44:00</oval-def:timestamp>
     </generator>
     <definitions>
          <definition class="compliance" id="oval:org.govready.ubuntu:def:500" version="1">
               <metadata>
                    <title>Ensure that the bootloader's configuration file has the proper permissions.</title>
                    <description>Read/write access should be permitted only for the file's owner.</description>
               </metadata>
               <criteria>
                    <criterion test_ref="oval:org.govready.ubuntu:tst:500"/>
               </criteria>
          </definition>
     </definitions>
     <tests>
          <unix-def:file_test id="oval:org.govready.ubuntu:tst:500" check="all" check_existence="all_exist" version="1" comment="Check the file permissions of /boot/grub/grub.cfg">
               <unix-def:object object_ref="oval:org.govready.ubuntu:obj:500"/>
               <unix-def:state state_ref="oval:org.govready.ubuntu:ste:500"/>
          </unix-def:file_test>
     </tests>
     <objects>
          <unix-def:file_object id="oval:org.govready.ubuntu:obj:500" version="1" comment="/boot/grub/grub.cfg">
		   <unix-def:filepath>/boot/grub/grub.cfg</unix-def:filepath>
          </unix-def:file_object>
     </objects>
     <states>
          <unix-def:file_state id="oval:org.govready.ubuntu:ste:500" version="1" comment="Group and other write/exec mode bits are unset.">
     		<unix-def:gwrite datatype="boolean">0</unix-def:gwrite>
     		<unix-def:gexec datatype="boolean">0</unix-def:gexec>
     		<unix-def:owrite datatype="boolean">0</unix-def:owrite>
     		<unix-def:oexec datatype="boolean">0</unix-def:oexec>
          </unix-def:file_state>
     </states>
</oval_definitions>
