<oval_definitions 
     xmlns="http://oval.mitre.org/XMLSchema/oval-definitions-5" 
     xmlns:ind-def="http://oval.mitre.org/XMLSchema/oval-definitions-5#independent" 
     xmlns:oval-def="http://oval.mitre.org/XMLSchema/oval-common-5" 
     xmlns:unix-def="http://oval.mitre.org/XMLSchema/oval-definitions-5#unix" 
     xmlns:linux-def="http://oval.mitre.org/XMLSchema/oval-definitions-5#linux" 
     xmlns:xsi="http://www.w3.org/2001/XMLSchema-instance" xsi:schemaLocation="http://oval.mitre.org/XMLSchema/oval-common-5 oval-common-schema.xsd   http://oval.mitre.org/XMLSchema/oval-definitions-5 oval-definitions-schema.xsd   http://oval.mitre.org/XMLSchema/oval-definitions-5#independent independent-definitions-schema.xsd   http://oval.mitre.org/XMLSchema/oval-definitions-5#unix unix-definitions-schema.xsd   http://oval.mitre.org/XMLSchema/oval-definitions-5#macos linux-definitions-schema.xsd">
     <generator>
          <oval-def:product_name>GovReady.org Ubuntu 14.04 LTS Server Benchmark</oval-def:product_name>
          <oval-def:product_version>0.0.1</oval-def:product_version>
          <oval-def:schema_version>5.10.1</oval-def:schema_version>
          <oval-def:timestamp>2015-01-01T13:44:00</oval-def:timestamp>
     </generator>
     <definitions>
          <definition class="compliance" id="oval:org.govready.ubuntu:def:600" version="1">
               <metadata>
                    <title>grub Has a Bootloader Password</title>
                    <description>Protects booting by ensuring that grub has a password.</description>
               </metadata>
               <criteria operator="AND">
                    <criterion test_ref="oval:org.govready.ubuntu:tst:600" />
                    <criterion test_ref="oval:org.govready.ubuntu:tst:601" />
                    <criterion test_ref="oval:org.govready.ubuntu:tst:603" />
               </criteria>
          </definition>
     </definitions>
     <tests>
          <unix-def:file_test id="oval:org.govready.ubuntu:tst:600" version="1" check_existence="at_least_one_exists" check="at least one" comment="The grub configuration file exists.">
               <unix-def:object object_ref="oval:org.govready.ubuntu:obj:600" />
          </unix-def:file_test>
          <ind-def:textfilecontent54_test id="oval:org.govready.ubuntu:tst:601" version="1" check_existence="at_least_one_exists" check="at least one" comment="At least one superuser is defined in the grub configuration file.">
               <ind-def:object object_ref="oval:org.govready.ubuntu:obj:601" />
          </ind-def:textfilecontent54_test>
          <ind-def:variable_test id="oval:org.govready.ubuntu:tst:603" check="all" check_existence="at_least_one_exists" version="1" comment="Each superuser has a password set.">
               <ind-def:object object_ref="oval:org.govready.ubuntu:obj:602"/>
               <ind-def:state state_ref="oval:org.govready.ubuntu:ste:603"/>
          </ind-def:variable_test>
     </tests>
     <objects>
          <unix-def:file_object id="oval:org.govready.ubuntu:obj:600" version="1" comment="The grub configuration file: '/etc/grub.d/40_custom'">
               <unix-def:filepath>/etc/grub.d/40_custom</unix-def:filepath>
          </unix-def:file_object>
          <ind-def:textfilecontent54_object id="oval:org.govready.ubuntu:obj:601" version="1" comment="The value that superusers is set to.">
               <ind-def:behaviors multiline="true" singleline="false" />               
               <ind-def:filepath>/etc/grub.d/40_custom</ind-def:filepath>
               <ind-def:pattern operation="pattern match">^\s*set\s+superusers\s*=\s*"?\s*([^"]+)\s*"?$</ind-def:pattern>
               <ind-def:instance datatype="int" operation="greater than or equal">1</ind-def:instance>
          </ind-def:textfilecontent54_object>
          <ind-def:variable_object id="oval:org.govready.ubuntu:obj:602" version="1" comment="Each superuser">
               <ind-def:var_ref>oval:org.govready.ubuntu:var:601</ind-def:var_ref>
          </ind-def:variable_object>
          <ind-def:textfilecontent54_object id="oval:org.govready.ubuntu:obj:603" version="1" comment="Users that have a password set.">
               <ind-def:behaviors multiline="true" singleline="false" />               
               <ind-def:filepath>/etc/grub.d/40_custom</ind-def:filepath>
               <ind-def:pattern operation="pattern match">^\s*password_pbkdf2\s+([^ ]+)\s+.+$</ind-def:pattern>
               <ind-def:instance datatype="int" operation="greater than or equal">1</ind-def:instance>
          </ind-def:textfilecontent54_object>
     </objects>
     <states>
          <ind-def:variable_state id="oval:org.govready.ubuntu:ste:603" version="1" comment="Each user that has a password set.">
               <ind-def:value var_ref="oval:org.govready.ubuntu:var:603" operation="equals" entity_check="all" var_check="only one"/>
          </ind-def:variable_state>
     </states>
     <variables>
          <local_variable id="oval:org.govready.ubuntu:var:601" version="1" comment="Get each superuser by splitting superuser value on spaces, commas, semicolons, pipes, and ampersands" datatype="string">
               <unique><split delimiter=" "><split delimiter=","><split delimiter=";"><split delimiter="|"><split delimiter="&amp;">
                    <object_component object_ref="oval:org.govready.ubuntu:obj:601" item_field="subexpression" />
               </split></split></split></split></split></unique>
          </local_variable>
          <local_variable id="oval:org.govready.ubuntu:var:603" version="1" comment="Users that have a password set" datatype="string">
               <unique>
                    <object_component object_ref="oval:org.govready.ubuntu:obj:603" item_field="subexpression" />
               </unique>
          </local_variable>
     </variables>
</oval_definitions>